subject_id,timestamp,uEMA
pilot2,1739912834582,-Sitting
pilot2,1739913508782,-Sitting
pilot2,1739914131164,-Sitting
pilot2,1739914710168,-Sitting
pilot2,1739915367658,-Sitting
pilot2,1739915974134,-Sitting
pilot2,1727449464932,I'm sitting and using the computer.
pilot2,1727450145984,Sitting and using the computer.
pilot2,1727450487500,Sitting and using the computer.
pilot2,1727449800525,I'm sitting in texting.
pilot2,1727450859308,I'm standing.
pilot2,1739906982994,"Oh yes. So, do you feel vibration testing?"
pilot2,1739907026292,"Oh you, you want to just cancel it?"
pilot2,1739907044517,I will.
pilot2,1739907730576,I'm standing walking back to school.
pilot2,1739908369015,"I'm sitting in a car, talking about research,"
pilot2,1739909627152,"Still talking with my friend, in a car sitting down."
pilot2,1739910280312,Walking up the stairs in snail.
pilot2,1739911574118,-Sitting
pilot2,1739912200084,-Sitting
pilot2,1739912834582,-Sitting
pilot2,1739913508782,-Sitting
pilot2,1739914131164,-Sitting
pilot2,1739914710168,-Sitting
pilot2,1739915367658,-Sitting
pilot2,1739915974134,-Sitting
pilot2,1739916593130,-Swimming
pilot2,1739917252097,-Conversing
pilot2,1739917864120,-Walking
pilot2,1739919145034,I'm sitting down coding at library.
pilot2,1739919792021,I'm sitting down coding at library.
pilot2,1739921032072,I'm sitting down doing homework.
pilot2,1739921711738,I'm sitting down doing homework.
pilot2,1739922341054,-Sitting
pilot2,1739922908649,-Sitting
pilot2,1739923557201,I'm doing homework sitting down.
pilot2,1739924215050,"Walking in library, to print."
pilot2,1739924881475,"Walking in library, to print."
pilot2,1739925454013,Doing homework in library sitting now.
pilot2,1739926094008,Doing homework in library sitting now.
pilot2,1739926758454,-Sitting
pilot2,1739927314944,-Sitting
pilot2,1739927965549,-Sitting
pilot2,1739928621817,I'm writing answer for my homework.
pilot2,1739929245058,I'm preparing for mock interview for my friend standing up.
pilot2,1739929892984,-Sitting
pilot2,1739930477047,-Sitting
pilot2,1739931101928,-Sitting
pilot2,1739931761702,-Sitting
pilot2,1739932395108,-Sitting
pilot2,1739933002987,-Sitting
pilot2,1739933609053,What's your name?
pilot2,1739916593130,-Swimming
pilot2,1739917252097,-Conversing
pilot2,1739917864120,-Walking
pilot2,1739919145034,I'm sitting down coding at library.
pilot2,1739930477047,-Sitting
pilot2,1739931101928,-Sitting
pilot2,1739931761702,-Sitting
pilot2,1739932395108,-Sitting
pilot2,1739933002987,-Sitting
pilot2,1739933609053,What's your name?
pilot2,1739909627152,"Still talking with my friend, in a car sitting down."
pilot2,1739910280312,Walking up the stairs in snail.
pilot2,1739911574118,-Sitting
pilot2,1739912200084,-Sitting
pilot2,1727449464932,I'm sitting and using the computer.
pilot2,1727450145984,Sitting and using the computer.
pilot2,1727450487500,Sitting and using the computer.
pilot2,1727449800525,I'm sitting in texting.
pilot2,1727450859308,I'm standing.
pilot2,1739906982994,"Oh yes. So, do you feel vibration testing?"
pilot2,1739907026292,"Oh you, you want to just cancel it?"
pilot2,1739907044517,I will.
pilot2,1739907730576,I'm standing walking back to school.
pilot2,1739908369015,"I'm sitting in a car, talking about research,"
pilot2,1739919792021,
pilot2,1739921032072,I'm sitting down doing homework.
pilot2,1739921711738,I'm sitting down doing homework.
pilot2,1739922341054,-Sitting
pilot2,1739922908649,-Sitting
pilot2,1739927314944,-Sitting
pilot2,1739927965549,-Sitting
pilot2,1739928621817,I'm writing answer for my homework.
pilot2,1739929245058,I'm preparing for mock interview for my friend standing up.
pilot2,1739929892984,-Sitting
pilot2,1739988525429,-Sitting
pilot2,1739989087482,-Sitting
pilot2,1739989727763,I'm walking to bathroom.
pilot2,1739990356403,I'm walking to bathroom.
pilot2,1739991023470,But it changed me. Mind is older one.
pilot2,1739999231475,-Sitting
pilot2,1739999806394,-Sitting
pilot2,1740000470368,-Sitting
pilot2,1740001011986,-Walking
pilot2,1740001653229,I'm walking back to library.
pilot2,1739980800651,-Sitting
pilot2,1739981438230,I was running to the train station.
pilot2,1739982061373,I'm writing Subway to go to Seaport.
pilot2,1739982731803,I'm walking to my friend's office in Seaport.
pilot2,1739983354114,I'm walking to my friend's office in Seaport.
pilot2,1739984037549,I'm sitting down waiting for my friend in the lobby.
pilot2,1739977784570,-Sitting
pilot2,1739978960780,-Sitting
pilot2,1739979628518,-Sitting
pilot2,1739980242482,-Sitting
pilot2,1739984732339,-Sitting
pilot2,1739985340550,-Sitting
pilot2,1739985930476,-Sitting
pilot2,1739986588483,-Sitting
pilot2,1739987209555,-Sitting
pilot2,1739987809343,-Sitting
pilot2,1739971378749,I just woke up.
pilot2,1739972040834,-Cycling
pilot2,1739972689245,-Sitting
pilot2,1739973315069,It's getting into Library standing.
pilot2,1739973916482,I'm walking to class leaving Snell Library.
pilot2,1739974535048,I'm sitting down repeating course material.
pilot2,1739975185255,-Sitting
pilot2,1739975819522,-Sitting
pilot2,1739976463604,-Sitting
pilot2,1739977121674,-Sitting
pilot2,1739977784570,-Sitting
pilot2,1739978960780,-Sitting
pilot2,1739979628518,-Sitting
pilot2,1739980242482,-Sitting
pilot2,1739980800651,-Sitting
pilot2,1739981438230,I was running to the train station.
pilot2,1739982061373,I'm writing Subway to go to Seaport.
pilot2,1739982731803,I'm walking to my friend's office in Seaport.
pilot2,1739983354114,I'm walking to my friend's office in Seaport.
pilot2,1739984037549,I'm sitting down waiting for my friend in the lobby.
pilot2,1739984732339,-Sitting
pilot2,1739985340550,-Sitting
pilot2,1739985930476,-Sitting
pilot2,1739986588483,-Sitting
pilot2,1739987209555,-Sitting
pilot2,1739987809343,-Sitting
pilot2,1739988525429,-Sitting
pilot2,1739989087482,-Sitting
pilot2,1739989727763,I'm walking to bathroom.
pilot2,1739990356403,I'm walking to bathroom.
pilot2,1739991023470,But it changed me. Mind is older one.
pilot2,1739991604316,I'm walking back to school from Seaport.
pilot2,1739992242117,I'm sitting here on the train. Going back to school.
pilot2,1739993449964,-Sitting
pilot2,1739994097408,-Sitting
pilot2,1739994733677,I'm walking into the class.
pilot2,1739995384459,-Sitting
pilot2,1739996024499,-Sitting
pilot2,1739996657750,-Sitting
pilot2,1739997839844,-Sitting
pilot2,1739998583462,-Sitting
pilot2,1739999231475,-Sitting
pilot2,1739999806394,-Sitting
pilot2,1740000470368,-Sitting
pilot2,1740001011986,-Walking
pilot2,1740001653229,I'm walking back to library.
pilot2,1740003568875,-Sitting
pilot2,1740004192445,-Sitting
pilot2,1740005061059,-Sitting
pilot2,1740005426439,-Sitting
pilot2,1740006317493,-Sitting
pilot2,1740008090435,-Sitting
pilot2,1740009993312,-Sitting
pilot2,1740012534656,-Sitting
pilot2,1740014441361,-Sitting
pilot2,1740002894490,"I just sat down, crave back to the library."
pilot2,1740008764567,I'm taking class sitting down.
pilot2,1740009327521,I'm sitting down taking class and Snell.
pilot2,1740006976154,"I'm sitting down, taking course."
pilot2,1740007516912,I'm walking to the bathroom.
pilot2,1740011296875,I'm sitting down patient class in snow.
pilot2,1740012527622,I'm sitting down taking class in snow.
pilot2,1740015749802,Sitting down.
pilot2,1740015349333,I'm opening door standing.
pilot2,1740014433062,Sitting down taking classes. Now
pilot2,1740013288696,"I'm sitting down taking classes now,"
pilot2,1740010747431,I'm sitting down taking class in library.
pilot2,1740016455330,I'm sitting down doing homework.
pilot2,1740017060332,I'm sitting down to being assignment.
pilot2,1740017629156,I'm walking in library.
pilot2,1740018303448,R-R-Others
pilot2,1740018938368,-Sitting
pilot2,1740019490944,-Sitting
pilot2,1740020100077,ST-Standing
pilot2,1739971378749,I just woke up.
pilot2,1739972040834,-Cycling
pilot2,1739972689245,-Sitting
pilot2,1739973315069,It's getting into Library standing.
pilot2,1740003568875,-Sitting
pilot2,1740004192445,-Sitting
pilot2,1740005061059,-Sitting
pilot2,1740005426439,-Sitting
pilot2,1739988525429,-Sitting
pilot2,1739989087482,-Sitting
pilot2,1739989727763,I'm walking to bathroom.
pilot2,1739990356403,I'm walking to bathroom.
pilot2,1739991023470,But it changed me. Mind is older one.
pilot2,1740017060332,I'm sitting down to being assignment.
pilot2,1740017629156,I'm walking in library.
pilot2,1740018303448,R-R-Others
pilot2,1740018938368,-Sitting
pilot2,1740019490944,-Sitting
pilot2,1740020100077,ST-Standing
pilot2,1739995384459,-Sitting
pilot2,1739996024499,-Sitting
pilot2,1739996657750,-Sitting
pilot2,1739997839844,-Sitting
pilot2,1739998583462,-Sitting
pilot2,1739991604316,I'm walking back to school from Seaport.
pilot2,1739992242117,I'm sitting here on the train. Going back to school.
pilot2,1739993449964,-Sitting
pilot2,1739994097408,-Sitting
pilot2,1739994733677,I'm walking into the class.
pilot2,1739973916482,I'm walking to class leaving Snell Library.
pilot2,1739974535048,I'm sitting down repeating course material.
pilot2,1739975185255,-Sitting
pilot2,1739975819522,-Sitting
pilot2,1739976463604,-Sitting
pilot2,1739977121674,-Sitting
pilot2,1740006317493,-Sitting
pilot2,1740008090435,-Sitting
pilot2,1740009993312,-Sitting
pilot2,1740012534656,-Sitting
pilot2,1740014441361,-Sitting
pilot2,1740002894490,"I just sat down, crave back to the library."
pilot2,1740008764567,I'm taking class sitting down.
pilot2,1740009327521,I'm sitting down taking class and Snell.
pilot2,1740006976154,"I'm sitting down, taking course."
pilot2,1740007516912,I'm walking to the bathroom.
pilot2,1740011296875,I'm sitting down patient class in snow.
pilot2,1740012527622,I'm sitting down taking class in snow.
pilot2,1740015749802,Sitting down.
pilot2,1740015349333,I'm opening door standing.
pilot2,1740014433062,Sitting down taking classes. Now
pilot2,1740013288696,"I'm sitting down taking classes now,"
pilot2,1740010747431,I'm sitting down taking class in library.
pilot2,1740016455330,I'm sitting down doing homework.
pilot5,1740431284627,"If you accidentally tap the wrong activity, you should cancel is a respond by clicking the cancel button on the confirmation screen."
pilot5,1740431622457,-Conversing
pilot5,1740431665080,Sitting in dunking.
pilot5,1740431860545,-Walking
pilot5,1740432452748,-Walking
pilot5,1740433090824,-Walking
pilot5,1740433797509,Standing.
pilot5,1740431284627,"If you accidentally tap the wrong activity, you should cancel is a respond by clicking the cancel button on the confirmation screen."
pilot5,1740431622457,-Conversing
pilot5,1740431665080,Sitting in dunking.
pilot5,1740431860545,-Walking
pilot5,1740432452748,-Walking
pilot5,1740433090824,-Walking
pilot5,1740433797509,Standing.
pilot5,1740434403435,Standing and making tea.
pilot5,1740435054871,Sitting in using.
pilot5,1740435656502,Sitting.
pilot5,1740436265972,-Phone (Using)
pilot5,1740436930029,-Phone (Using)
pilot5,1740437476414,Lying down and using phone.
pilot5,1740438133304,Lying down and using phone.
pilot5,1740439412973,Lying down on bed and watching phone.
pilot5,1740440665900,Sleeping.
pilot5,1740441287252,Sitting editing.
pilot5,1740441970948,-Computer (Using)
pilot5,1740442631897,-Computer (Using)
pilot5,1740443242295,-Computer (Using)
pilot5,1740443843769,-Computer (Using)
pilot5,1740444483964,-Phone (Using)
pilot5,1740445118683,-Computer (Using)
pilot5,1740445797213,-Phone (Using)
pilot5,1740446377851,-Computer (Using)
pilot5,1740447024838,-Walking
pilot5,1740447704024,Cooking.
pilot5,1740448320939,Cooking.
pilot5,1740449029766,Cooking food.
pilot5,1740449625231,Eating and talking with my friend.
pilot5,1740450296650,Standing.
pilot5,1740451619959,-Conversing
pilot5,1740454334014,Sitting and talking with my friend.
pilot5,1740456265590,-Conversing
pilot5,1740456870757,-Conversing
pilot5,1740434403435,Standing and making tea.
pilot5,1740435054871,Sitting in using.
pilot5,1740435656502,Sitting.
pilot5,1740436265972,-Phone (Using)
pilot5,1740436930029,-Phone (Using)
pilot5,1740437476414,Lying down and using phone.
pilot5,1740449029766,Cooking food.
pilot5,1740449625231,Eating and talking with my friend.
pilot5,1740450296650,Standing.
pilot5,1740451619959,-Conversing
pilot5,1740456265590,-Conversing
pilot5,1740456870757,-Conversing
pilot5,1740438133304,Lying down and using phone.
pilot5,1740439412973,Lying down on bed and watching phone.
pilot5,1740440665900,Sleeping.
pilot5,1740441287252,Sitting editing.
pilot5,1740454334014,Sitting and talking with my friend.
pilot5,1740441970948,-Computer (Using)
pilot5,1740442631897,-Computer (Using)
pilot5,1740443242295,-Computer (Using)
pilot5,1740443843769,-Computer (Using)
pilot5,1740444483964,-Phone (Using)
pilot5,1740445118683,-Computer (Using)
pilot5,1740445797213,-Phone (Using)
pilot5,1740446377851,-Computer (Using)
pilot5,1740447024838,-Walking
pilot5,1740447704024,Cooking.
pilot5,1740448320939,Cooking.
pilot5,1740517497970,-Phone (Using)
pilot5,1740518098928,-Computer (Using)
pilot5,1740518738047,Washington Times.
pilot5,1740519345613,-Phone (Using)
pilot5,1740520598089,-Sitting
pilot5,1740499258836,Sitting and using computer.
pilot5,1740499873241,Sitting and using phone.
pilot5,1740500520332,"BJ, Kendall Drive."
pilot5,1740501121893,Sitting and using computer.
pilot5,1740501774705,Sitting and watching phone.
pilot5,1740502383703,Standing anything.
pilot5,1740496106583,Sitting and watching rails.
pilot5,1740496772784,Looking.
pilot5,1740497398403,-Walking
pilot5,1740498637875,Sitting and using computer.
pilot5,1740503046097,Spending.
pilot5,1740505605423,-Conversing
pilot5,1740506243037,Talking with my friend.
pilot5,1740493589843,Brushing my teeth.
pilot5,1740494245293,Standing in making tea.
pilot5,1740494851561,-Phone (Using)
pilot5,1740495454937,Sitting and watching rails.
pilot5,1740496106583,Sitting and watching rails.
pilot5,1740496772784,Looking.
pilot5,1740497398403,-Walking
pilot5,1740498637875,Sitting and using computer.
pilot5,1740499258836,Sitting and using computer.
pilot5,1740499873241,Sitting and using phone.
pilot5,1740500520332,"BJ, Kendall Drive."
pilot5,1740501121893,Sitting and using computer.
pilot5,1740501774705,Sitting and watching phone.
pilot5,1740502383703,Standing anything.
pilot5,1740503046097,Spending.
pilot5,1740505605423,-Conversing
pilot5,1740506243037,Talking with my friend.
pilot5,1740506867701,Walking.
pilot5,1740507527268,Besides water and it's confidential.
pilot5,1740508134499,-Computer (Using)
pilot5,1740508735913,Using computer.
pilot5,1740509364332,-Computer (Using)
pilot5,1740510588091,Watching phone.
pilot5,1740511213050,Standing and drinking water.
pilot5,1740511835925,Lying down.
pilot5,1740512448931,Head down on the table and sleeping.
pilot5,1740513072409,-Computer (Using)
pilot5,1740513700242,-Computer (Using)
pilot5,1740514355702,Nene. Get addicted.
pilot5,1740514985847,-Phone (Using)
pilot5,1740515618038,-Computer (Using)
pilot5,1740516254514,-Conversing
pilot5,1740516863188,But I think I'm watching riddles.
pilot5,1740517497970,-Phone (Using)
pilot5,1740518098928,-Computer (Using)
pilot5,1740518738047,Washington Times.
pilot5,1740519345613,-Phone (Using)
pilot5,1740520598089,-Sitting
pilot5,1740521241728,-Computer (Using)
pilot5,1740531264117,-Conversing
pilot5,1740531917021,-Conversing
pilot5,1740532582499,Still standing and eating.
pilot5,1740533232486,-Computer (Using)
pilot5,1740533895204,-Computer (Using)
pilot5,1740534467270,-Computer (Using)
pilot5,1740535127588,-Walking
pilot5,1740535767005,Cooking and conversing.
pilot5,1740536384423,-Conversing
pilot5,1740538204370,Metallica.
pilot5,1740538831875,Eating and conversing.
pilot5,1740540767791,Conversing.
pilot5,1740541438669,-Conversing
pilot5,1740542007827,Spending.
pilot5,1740542648829,-Computer (Using)
pilot5,1740543246569,-Phone (Using)
pilot5,1740543912545,-Phone (Using)
pilot5,1740544473810,Make a boy cry. My girlfriend's about that away. So ruski.
pilot5,1740545119595,Light 1%.
pilot5,1740521241728,-Computer (Using)
pilot5,1740493589843,Brushing my teeth.
pilot5,1740494245293,Standing in making tea.
pilot5,1740494851561,-Phone (Using)
pilot5,1740495454937,Sitting and watching rails.
pilot5,1740535767005,Cooking and conversing.
pilot5,1740536384423,-Conversing
pilot5,1740538204370,Metallica.
pilot5,1740513700242,-Computer (Using)
pilot5,1740514355702,Nene. Get addicted.
pilot5,1740514985847,-Phone (Using)
pilot5,1740515618038,-Computer (Using)
pilot5,1740516254514,-Conversing
pilot5,1740516863188,But I think I'm watching riddles.
pilot5,1740542648829,-Computer (Using)
pilot5,1740543246569,-Phone (Using)
pilot5,1740543912545,-Phone (Using)
pilot5,1740544473810,Make a boy cry. My girlfriend's about that away. So ruski.
pilot5,1740545119595,Light 1%.
pilot5,1740510588091,Watching phone.
pilot5,1740511213050,Standing and drinking water.
pilot5,1740511835925,Lying down.
pilot5,1740512448931,Head down on the table and sleeping.
pilot5,1740513072409,-Computer (Using)
pilot5,1740493589843,Brushing my teeth.
pilot5,1740494245293,Standing in making tea.
pilot5,1740494851561,-Phone (Using)
pilot5,1740495454937,Sitting and watching rails.
pilot5,1740538831875,Eating and conversing.
pilot5,1740540767791,Conversing.
pilot5,1740541438669,-Conversing
pilot5,1740542007827,Spending.
pilot5,1740531264117,-Conversing
pilot5,1740531917021,-Conversing
pilot5,1740532582499,Still standing and eating.
pilot5,1740533232486,-Computer (Using)
pilot5,1740533895204,-Computer (Using)
pilot5,1740534467270,-Computer (Using)
pilot5,1740535127588,-Walking
pilot6,1740517611966,I'm walking.
pilot6,1740518237588,Walking.
pilot6,1740519561141,Sitting and eating.
pilot6,1740520173578,Sitting in.
pilot6,1740499257341,Sitting using computer.
pilot6,1740499852648,Sitting using computer.
pilot6,1740500485709,-Sitting
pilot6,1740501795149,-Sitting
pilot6,1740502460530,-Sitting
pilot6,1740496117898,Standing.
pilot6,1740496720421,Sitting using computer.
pilot6,1740497315597,Walking.
pilot6,1740498018365,Sitting using computer.
pilot6,1740498663047,Sitting using computer.
pilot6,1740503100932,-Sitting
pilot6,1740503737215,Standing.
pilot6,1740504296975,-Computer (Using)
pilot6,1740504954541,-Phone (Using)
pilot6,1740505643536,-Phone (Using)
pilot6,1740494772766,"In this scenario, the passing decided to use B's to report her activity."
pilot6,1740494996409,I'm standing having a conversation.
pilot6,1740495116906,"Awesome, perfect. So this is a charge"
pilot6,1740495405987,I'm walking on the street.
pilot6,1740496117898,Standing.
pilot6,1740496720421,Sitting using computer.
pilot6,1740497315597,Walking.
pilot6,1740498018365,Sitting using computer.
pilot6,1740498663047,Sitting using computer.
pilot6,1740499257341,Sitting using computer.
pilot6,1740499852648,Sitting using computer.
pilot6,1740500485709,-Sitting
pilot6,1740501795149,-Sitting
pilot6,1740502460530,-Sitting
pilot6,1740503100932,-Sitting
pilot6,1740503737215,Standing.
pilot6,1740504296975,-Computer (Using)
pilot6,1740504954541,-Phone (Using)
pilot6,1740505643536,-Phone (Using)
pilot6,1740506274173,Later.
pilot6,1740506847987,-Conversing
pilot6,1740507478119,-Computer (Using)
pilot6,1740508139726,-Computer (Using)
pilot6,1740508700465,-Computer (Using)
pilot6,1740509389887,-Computer (Using)
pilot6,1740509963802,-Computer (Using)
pilot6,1740510659019,-Computer (Using)
pilot6,1740511357175,-Computer (Using)
pilot6,1740511884930,I'm standing using computer.
pilot6,1740512503639,I'm standing using computer.
pilot6,1740513160352,-Computer (Using)
pilot6,1740513814028,-Conversing
pilot6,1740515064046,-Walking
pilot6,1740516279005,I'm walking.
pilot6,1740516957923,"I'm in the dressing room, trying clothes on standing."
pilot6,1740517611966,I'm walking.
pilot6,1740518237588,Walking.
pilot6,1740519561141,Sitting and eating.
pilot6,1740520173578,Sitting in.
pilot6,1740520858268,Sitting down watching TV.
pilot6,1740521444360,I am kneeling doing well.
pilot6,1740522056124,Crouching doing a workout. I'm doing push ups.
pilot6,1740522711272,Sitting at home watching TV.
pilot6,1740523275566,I am standing and washing vegetables.
pilot6,1740523942947,Sitting and drinking a milkshake.
pilot6,1740524531840,Sitting here watching TV.
pilot6,1740525191240,Sitting here watching TV.
pilot6,1740525807542,Sitting and watching TV.
pilot6,1740526393839,Sitting and watching TV.
pilot6,1740527038247,-Sitting
pilot6,1740527674453,Sitting and petting cat.
pilot6,1740528315740,Sitting and petting cat.
pilot6,1740528949363,-Sitting
pilot6,1740529575950,-Sitting
pilot6,1740530234532,-Sitting
pilot6,1740530880720,Scooping cat poop.
pilot6,1740531501059,Standing carrying garbage.
pilot6,1740532129169,Sitting and using computer.
pilot6,1740532700920,-Computer (Using)
pilot6,1740533406830,-Computer (Using)
pilot6,1740534074723,-Computer (Using)
pilot6,1740534659433,-Phone (Using)
pilot6,1740535271318,I'm lying down.
pilot6,1740535974377,Laying down using my phone.
pilot6,1740536628859,I'm standing.
pilot6,1740537260947,I'm sitting in using computer.
pilot6,1740537883645,-Computer (Using)
pilot6,1740538510230,-Computer (Using)
pilot6,1740520858268,Sitting down watching TV.
pilot6,1740521444360,I am kneeling doing well.
pilot6,1740522056124,Crouching doing a workout. I'm doing push ups.
pilot6,1740522711272,Sitting at home watching TV.
pilot6,1740523275566,I am standing and washing vegetables.
pilot6,1740523942947,Sitting and drinking a milkshake.
pilot6,1740506274173,Later.
pilot6,1740506847987,-Conversing
pilot6,1740507478119,-Computer (Using)
pilot6,1740508139726,-Computer (Using)
pilot6,1740508700465,-Computer (Using)
pilot6,1740509389887,-Computer (Using)
pilot6,1740509963802,-Computer (Using)
pilot6,1740535271318,I'm lying down.
pilot6,1740535974377,Laying down using my phone.
pilot6,1740536628859,I'm standing.
pilot6,1740537260947,I'm sitting in using computer.
pilot6,1740537883645,-Computer (Using)
pilot6,1740538510230,-Computer (Using)
pilot6,1740513814028,-Conversing
pilot6,1740515064046,-Walking
pilot6,1740516279005,I'm walking.
pilot6,1740516957923,"I'm in the dressing room, trying clothes on standing."
pilot6,1740510659019,-Computer (Using)
pilot6,1740511357175,-Computer (Using)
pilot6,1740511884930,I'm standing using computer.
pilot6,1740512503639,I'm standing using computer.
pilot6,1740513160352,-Computer (Using)
pilot6,1740494772766,"In this scenario, the passing decided to use B's to report her activity."
pilot6,1740494996409,I'm standing having a conversation.
pilot6,1740495116906,"Awesome, perfect. So this is a charge"
pilot6,1740495405987,I'm walking on the street.
pilot6,1740524531840,Sitting here watching TV.
pilot6,1740525191240,Sitting here watching TV.
pilot6,1740525807542,Sitting and watching TV.
pilot6,1740526393839,Sitting and watching TV.
pilot6,1740527038247,-Sitting
pilot6,1740527674453,Sitting and petting cat.
pilot6,1740528315740,
pilot6,1740528949363,-Sitting
pilot6,1740529575950,-Sitting
pilot6,1740530234532,-Sitting
pilot6,1740530880720,Scooping cat poop.
pilot6,1740531501059,Standing carrying garbage.
pilot6,1740532129169,Sitting and using computer.
pilot6,1740532700920,-Computer (Using)
pilot6,1740533406830,-Computer (Using)
pilot6,1740534074723,-Computer (Using)
pilot6,1740534659433,-Phone (Using)
pilot7,1740603872383,Walking towards campus.
pilot7,1740604476593,Walking towards campus.
pilot7,1740605188444,-Computer (Using)
pilot7,1740605870746,-Computer (Using)
pilot7,1740606493850,-Computer (Using)
pilot7,1740607102694,-Computer (Using)
pilot7,1740585637172,-Computer (Using)
pilot7,1740586308152,-Computer (Using)
pilot7,1740586930593,-Computer (Using)
pilot7,1740587584851,Getting out of class standing.
pilot7,1740588177859,Walking standing.
pilot7,1740588857230,Walking in the library.
pilot7,1740582468606,
pilot7,1740583136824,-Sitting
pilot7,1740583787699,-Computer (Using)
pilot7,1740584400263,-Sitting
pilot7,1740585030992,-Computer (Using)
pilot7,1740589445163,-Computer (Using)
pilot7,1740590094429,-Computer (Using)
pilot7,1740590703404,-Sitting
pilot7,1740591361162,-Computer (Using)
pilot7,1740591967270,-Computer (Using)
pilot7,1740592623891,-Computer (Using)
pilot7,1740600066096,Standing. Buying food.
pilot7,1740600780652,Eating sitting.
pilot7,1740601384835,Walking to get food.
pilot7,1740601943821,Walking to get food.
pilot7,1740602608446,Eating.
pilot7,1740603257904,Sitting and drinking smoothie.
pilot7,1740578099838,-Sitting
pilot7,1740607694556,-Computer (Using)
pilot7,1740608363546,Sitting in the library.
pilot7,1740609040932,Sitting in the library.
pilot7,1740609619938,-Computer (Using)
pilot7,1740593249244,-Computer (Using)
pilot7,1740593891877,-Computer (Using)
pilot7,1740594545980,Sitting in the library.
pilot7,1740595084912,Sitting in the library.
pilot7,1740595717646,Sitting in the library.
pilot7,1740600066096,Standing. Buying food.
pilot7,1740600780652,Eating sitting.
pilot7,1740601384835,Walking to get food.
pilot7,1740601943821,Walking to get food.
pilot7,1740602608446,Eating.
pilot7,1740603257904,Sitting and drinking smoothie.
pilot7,1740596338321,Walking to the bathroom.
pilot7,1740596947000,Sitting working on the computer.
pilot7,1740597594296,Sitting working on computer.
pilot7,1740598175580,Sitting work in a computer.
pilot7,1740598856452,Sitting.
pilot7,1740599474336,Standing leaving the library.
pilot7,1740578661476,-Sitting
pilot7,1740579326113,Standing making coffee.
pilot7,1740579926205,Standing. I'm sweeping
pilot7,1740580555712,Standing doing my hair.
pilot7,1740581185505,Standing doing my hair.
pilot7,1740581823305,Sitting in the bus.
pilot7,1740610887427,Berry Punch.
pilot7,1740611504222,-Computer (Using)
pilot7,1740612167467,-Computer (Using)
pilot7,1740612774684,-Conversing
pilot7,1740613320679,-Conversing
pilot7,1740613930432,-Computer (Using)
pilot7,1740614586768,"An hour. One of them was a two of them were an hour and one of them or 45 minutes,"
pilot7,1740615200202,-Computer (Using)
pilot7,1740615938480,-Computer (Using)
pilot7,1740616523627,-Computer (Using)
pilot7,1740617239918,-Conversing
pilot7,1740617816378,-Phone (Using)
pilot7,1740618475381,"So, I put one in there and then I'm going to read you a little bit."
pilot7,1740619094459,-Conversing
pilot7,1740619766244,-Computer (Using)
pilot7,1740620463775,-Conversing
pilot7,1740620969268,-Computer (Using)
pilot7,1740673186120,-Computer (Using)
pilot7,1740673846942,-Sitting
pilot7,1740675081883,Sitting on the bus.
pilot7,1740668733007,Malcolm X.
pilot7,1740669337857,-Conversing
pilot7,1740670638112,-Computer (Using)
pilot7,1740671280511,-Computer (Using)
pilot7,1740671899855,-Computer (Using)
pilot7,1740675725782,In the bus sitting.
pilot7,1740676341599,In the bus sitting.
pilot7,1740676959615,-Walking
pilot7,1740677623375,Australia to take. No.
pilot7,1740678247661,Australia to take. No.
pilot7,1740678914233,I'm sitting in my room.
pilot7,1740664996865,-Sitting
pilot7,1740665600526,-Sitting
pilot7,1740666224336,-Computer (Using)
pilot7,1740667466070,Walking towards the bus.
pilot7,1740668076026,And the bus.
pilot7,1740668733007,Malcolm X.
pilot7,1740669337857,-Conversing
pilot7,1740670638112,-Computer (Using)
pilot7,1740671280511,-Computer (Using)
pilot7,1740671899855,-Computer (Using)
pilot7,1740673186120,-Computer (Using)
pilot7,1740673846942,-Sitting
pilot7,1740675081883,Sitting on the bus.
pilot7,1740675725782,In the bus sitting.
pilot7,1740676341599,In the bus sitting.
pilot7,1740676959615,-Walking
pilot7,1740677623375,Australia to take. No.
pilot7,1740678247661,Australia to take. No.
pilot7,1740678914233,I'm sitting in my room.
pilot7,1740679555034,Standing on the kitchen.
pilot7,1740680166575,Sitting working on computer.
pilot7,1740680803262,Shooting working on computer.
pilot7,1740681411266,Rita.
pilot7,1740682031646,Aqua.
pilot7,1740682654351,Aqua.
pilot7,1740683297462,-Phone (Using)
pilot7,1740683950322,-Computer (Using)
pilot7,1740684579492,-Computer (Using)
pilot7,1740685232325,-Computer (Using)
pilot7,1740685868547,Sitting down working on the computer.
pilot7,1740686499607,-Computer (Using)
pilot7,1740687152042,Sitting in the computer.
pilot7,1740687783855,People messing up.
pilot7,1740679555034,Standing on the kitchen.
pilot7,1740680166575,Sitting working on computer.
pilot7,1740680803262,Shooting working on computer.
pilot7,1740681411266,Rita.
pilot7,1740682031646,Aqua.
pilot7,1740682654351,Aqua.
pilot7,1740686499607,-Computer (Using)
pilot7,1740687152042,Sitting in the computer.
pilot7,1740687783855,People messing up.
pilot7,1740683297462,-Phone (Using)
pilot7,1740683950322,-Computer (Using)
pilot7,1740684579492,-Computer (Using)
pilot7,1740685232325,-Computer (Using)
pilot7,1740685868547,Sitting down working on the computer.
pilot7,1740664996865,-Sitting
pilot7,1740665600526,-Sitting
pilot7,1740666224336,-Computer (Using)
pilot7,1740667466070,Walking towards the bus.
pilot7,1740668076026,And the bus.
pilot8,1740604330172,I'm actually sitting in typing on my computer.
pilot8,1740604611813,-Phone (Using)
pilot8,1740604800035,I'm sitting in the room.
pilot8,1740604330172,I'm actually sitting in typing on my computer.
pilot8,1740604611813,-Phone (Using)
pilot8,1740604800035,I'm sitting in the room.
pilot8,1740607918523,I'm checking.
pilot8,1740608538790,I'm checking.
pilot8,1740609157155,I'm sitting.
pilot8,1740611683114,-Sitting
pilot8,1740612323098,-Computer (Using)
pilot8,1740613560141,-Phone (Using)
pilot8,1740616008456,-Sitting
pilot8,1740618501552,-Sitting
pilot8,1740619760974,-Sitting
pilot8,1740621608983,Gotham Aaron Amberg.
pilot8,1740622907663,"If I love you, I hate you."
pilot8,1740620370571,Sitting.
pilot8,1740621006390,Inside. It'll mixed with a m. A t t.
pilot8,1740623538619,Palomino Superfly.
pilot8,1740607918523,I'm checking.
pilot8,1740608538790,I'm checking.
pilot8,1740609157155,I'm sitting.
pilot8,1740621608983,Gotham Aaron Amberg.
pilot8,1740622907663,"If I love you, I hate you."
pilot8,1740620370571,Sitting.
pilot8,1740621006390,Inside. It'll mixed with a m. A t t.
pilot8,1740623538619,Palomino Superfly.
pilot8,1740607918523,I'm checking.
pilot8,1740608538790,I'm checking.
pilot8,1740609157155,I'm sitting.
pilot8,1740611683114,-Sitting
pilot8,1740612323098,-Computer (Using)
pilot8,1740613560141,-Phone (Using)
pilot8,1740611683114,-Sitting
pilot8,1740612323098,-Computer (Using)
pilot8,1740613560141,-Phone (Using)
pilot8,1740616008456,-Sitting
pilot8,1740618501552,-Sitting
pilot8,1740619760974,-Sitting
pilot8,1740690072177,-Computer (Using)
pilot8,1740690884690,-Sitting
pilot8,1740691996356,-Phone (Using)
pilot8,1740692645033,-Phone (Using)
pilot8,1740693279315,-Sitting
pilot8,1740673430415,-Walking
pilot8,1740674762170,-Cycling
pilot8,1740675948936,-Computer (Using)
pilot8,1740676650026,-Phone (Using)
pilot8,1740677939203,-Sitting
pilot8,1740678569043,-Computer (Using)
pilot8,1740673430415,-Walking
pilot8,1740674762170,-Cycling
pilot8,1740675948936,-Computer (Using)
pilot8,1740676650026,-Phone (Using)
pilot8,1740677939203,-Sitting
pilot8,1740678569043,-Computer (Using)
pilot8,1740683623712,-Sitting
pilot8,1740684289874,-Sitting
pilot8,1740685041819,-Sitting
pilot8,1740685598046,-Sitting
pilot8,1740686356381,-Computer (Using)
pilot8,1740686883763,-Sitting
pilot8,1740687529812,-Conversing
pilot8,1740688809480,-Sitting
pilot8,1740689476672,-Phone (Using)
pilot8,1740690072177,-Computer (Using)
pilot8,1740690884690,-Sitting
pilot8,1740691996356,-Phone (Using)
pilot8,1740692645033,-Phone (Using)
pilot8,1740693279315,-Sitting
pilot8,1740694510193,-Sitting
pilot8,1740695092045,-Computer (Using)
pilot8,1740695737878,-Conversing
pilot8,1740696451300,-Computer (Using)
pilot8,1740697041276,-Phone (Using)
pilot8,1740697785260,-Sitting
pilot8,1740698238009,-Sitting
pilot8,1740698887172,-Phone (Using)
pilot8,1740699550242,-Sitting
pilot8,1740700220880,-Sitting
pilot8,1740700861760,-Computer (Using)
pilot8,1740702002130,-Phone (Using)
pilot8,1740702672537,-Computer (Using)
pilot8,1740704062641,-Phone (Using)
pilot8,1740705846950,-Sitting
pilot8,1740707106370,-Phone (Using)
pilot8,1740708343677,-Walking
pilot8,1740709059458,I did not eat it.
pilot8,1740711639059,-Computer (Using)
pilot8,1740694510193,-Sitting
pilot8,1740695092045,-Computer (Using)
pilot8,1740695737878,-Conversing
pilot8,1740696451300,-Computer (Using)
pilot8,1740697041276,-Phone (Using)
pilot8,1740708343677,-Walking
pilot8,1740709059458,I did not eat it.
pilot8,1740686883763,-Sitting
pilot8,1740687529812,-Conversing
pilot8,1740688809480,-Sitting
pilot8,1740689476672,-Phone (Using)
pilot8,1740683623712,-Sitting
pilot8,1740684289874,-Sitting
pilot8,1740685041819,-Sitting
pilot8,1740685598046,-Sitting
pilot8,1740686356381,-Computer (Using)
pilot8,1740697785260,-Sitting
pilot8,1740698238009,-Sitting
pilot8,1740698887172,-Phone (Using)
pilot8,1740699550242,-Sitting
pilot8,1740700220880,-Sitting
pilot8,1740711639059,-Computer (Using)
pilot8,1740700861760,-Computer (Using)
pilot8,1740702002130,-Phone (Using)
pilot8,1740702672537,-Computer (Using)
pilot8,1740704062641,-Phone (Using)
pilot8,1740705846950,-Sitting
pilot8,1740707106370,-Phone (Using)
pilot9,1740863301833,-Computer (Using)
pilot9,1740863880437,-Computer (Using)
pilot9,1740864596033,-Computer (Using)
pilot9,1740865261365,-Computer (Using)
pilot9,1740865837556,Standing and cooking.
pilot9,1740844948699,Sitting and using my laptop.
pilot9,1740845644057,Sitting and using computer.
pilot9,1740846189632,So they can use my laptop.
pilot9,1740846816405,-Computer (Using)
pilot9,1740847345322,Sitting and using my laptop.
pilot9,1740847957691,Sitting and using my laptop.
pilot9,1740841781383,-Computer (Using)
pilot9,1740842358451,Sitting and using my laptop.
pilot9,1740842988634,Sitting and using my laptop.
pilot9,1740843692750,So they can use my laptop.
pilot9,1740848593621,-Computer (Using)
pilot9,1740849253609,"Children would have been Jennifer, Aniston sleeping and lying down."
pilot9,1740849892862,Sitting and using my phone.
pilot9,1740850516173,Standing and eating.
pilot9,1740851169169,Standing and eating.
pilot9,1740851827101,-Phone (Using)
pilot9,1740834014129,Sitting and using my laptop.
pilot9,1740834671702,Sitting in use my laptop.
pilot9,1740835956688,Sitting and using my laptop.
pilot9,1740836562087,Sitting and using my laptop.
pilot9,1740837180395,Sitting and using my laptop.
pilot9,1740837846412,"Sick again, using my laptop."
pilot9,1740838484211,"So, you can use my laptop."
pilot9,1740839144494,So dangerous to my laptop.
pilot9,1740839798641,Sitting in a meeting.
pilot9,1740840444351,Sitting and eating.
pilot9,1740841781383,-Computer (Using)
pilot9,1740842358451,Sitting and using my laptop.
pilot9,1740842988634,Sitting and using my laptop.
pilot9,1740843692750,So they can use my laptop.
pilot9,1740844948699,Sitting and using my laptop.
pilot9,1740845644057,Sitting and using computer.
pilot9,1740846189632,So they can use my laptop.
pilot9,1740846816405,-Computer (Using)
pilot9,1740847345322,Sitting and using my laptop.
pilot9,1740847957691,Sitting and using my laptop.
pilot9,1740848593621,-Computer (Using)
pilot9,1740849253609,"Children would have been Jennifer, Aniston sleeping and lying down."
pilot9,1740849892862,Sitting and using my phone.
pilot9,1740850516173,Standing and eating.
pilot9,1740851169169,Standing and eating.
pilot9,1740851827101,-Phone (Using)
pilot9,1740852516167,-Sitting
pilot9,1740853100060,"Mom, Kim. Dickens"
pilot9,1740853765042,"Mom, Kim. Dickens"
pilot9,1740854360259,-Sitting
pilot9,1740855043888,"so Dan, using a computer,"
pilot9,1740855675746,-Computer (Using)
pilot9,1740856343268,-Computer (Using)
pilot9,1740856975882,-Computer (Using)
pilot9,1740857610725,-Computer (Using)
pilot9,1740858280495,-Computer (Using)
pilot9,1740858924188,-Computer (Using)
pilot9,1740859551343,-Computer (Using)
pilot9,1740860135488,-Computer (Using)
pilot9,1740860772076,-Phone (Using)
pilot9,1740861432353,-Computer (Using)
pilot9,1740862078283,-Computer (Using)
pilot9,1740862666073,-Computer (Using)
pilot9,1740863301833,-Computer (Using)
pilot9,1740863880437,-Computer (Using)
pilot9,1740864596033,-Computer (Using)
pilot9,1740865261365,-Computer (Using)
pilot9,1740865837556,Standing and cooking.
pilot9,1740866470712,Standing in cooking.
pilot9,1740867794613,Sitting and eating.
pilot9,1740868364755,Sitting and eating.
pilot9,1740869017871,Standing and doing chores.
pilot9,1740869632080,-Computer (Using)
pilot9,1740873556615,Illuminate.
pilot9,1740874173217,-Computer (Using)
pilot9,1740874818122,-Computer (Using)
pilot9,1740875480432,-Computer (Using)
pilot9,1740876139977,-Phone (Using)
pilot9,1740876751320,Lying down.
pilot9,1740883753755,-Running
pilot9,1740834014129,Sitting and using my laptop.
pilot9,1740834671702,Sitting in use my laptop.
pilot9,1740835956688,Sitting and using my laptop.
pilot9,1740836562087,Sitting and using my laptop.
pilot9,1740837180395,Sitting and using my laptop.
pilot9,1740866470712,Standing in cooking.
pilot9,1740867794613,Sitting and eating.
pilot9,1740868364755,Sitting and eating.
pilot9,1740869017871,Standing and doing chores.
pilot9,1740869632080,-Computer (Using)
pilot9,1740852516167,-Sitting
pilot9,1740853100060,"Mom, Kim. Dickens"
pilot9,1740853765042,"Mom, Kim. Dickens"
pilot9,1740854360259,-Sitting
pilot9,1740855043888,"so Dan, using a computer,"
pilot9,1740883753755,-Running
pilot9,1740859551343,-Computer (Using)
pilot9,1740860135488,-Computer (Using)
pilot9,1740860772076,-Phone (Using)
pilot9,1740861432353,-Computer (Using)
pilot9,1740862078283,-Computer (Using)
pilot9,1740862666073,-Computer (Using)
pilot9,1740855675746,-Computer (Using)
pilot9,1740856343268,-Computer (Using)
pilot9,1740856975882,-Computer (Using)
pilot9,1740857610725,-Computer (Using)
pilot9,1740858280495,-Computer (Using)
pilot9,1740858924188,-Computer (Using)
pilot9,1740837846412,"Sick again, using my laptop."
pilot9,1740838484211,"So, you can use my laptop."
pilot9,1740839144494,So dangerous to my laptop.
pilot9,1740839798641,Sitting in a meeting.
pilot9,1740840444351,Sitting and eating.
pilot9,1740873556615,Illuminate.
pilot9,1740874173217,-Computer (Using)
pilot9,1740874818122,-Computer (Using)
pilot9,1740875480432,-Computer (Using)
pilot9,1740876139977,-Phone (Using)
pilot9,1740876751320,Lying down.
pilot9,1740931374183,Walking.
pilot9,1740931979558,-Sitting
pilot9,1740933814269,Standing in cooking.
pilot9,1740934463646,Sitting and eating.
pilot9,1740928193356,-Phone (Using)
pilot9,1740928896881,-Sitting
pilot9,1740930164668,-Computer (Using)
pilot9,1740930764784,-Computer (Using)
pilot9,1740935125140,Standing.
pilot9,1740935757640,Sitting.
pilot9,1740936990046,Traveling on.
pilot9,1740937629148,-Phone (Using)
pilot9,1740879513141,Walking.
pilot9,1740882994539,Running.
pilot9,1740881960030,Exercising.
pilot9,1740884435333,Walking.
pilot9,1740880611986,Walking.
pilot9,1740879852737,Standing.
pilot9,1740881341067,Light jogging.
pilot9,1740878773103,Walking for travel.
pilot9,1740878043850,Standing.
pilot9,1740922960354,Lying down.
pilot9,1740923593566,Laying down.
pilot9,1740924243589,Laying down. Laying down.
pilot9,1740924916370,Sitting and eating.
pilot9,1740925566918,-Sitting
pilot9,1740926942320,Standing in doing chores.
pilot9,1740928193356,-Phone (Using)
pilot9,1740928896881,-Sitting
pilot9,1740930164668,-Computer (Using)
pilot9,1740930764784,-Computer (Using)
pilot9,1740931374183,Walking.
pilot9,1740931979558,-Sitting
pilot9,1740933814269,Standing in cooking.
pilot9,1740934463646,Sitting and eating.
pilot9,1740935125140,Standing.
pilot9,1740935757640,Sitting.
pilot9,1740936990046,Traveling on.
pilot9,1740937629148,-Phone (Using)
pilot9,1740938851895,-Walking
pilot9,1740939485238,Sitting in traveling.
pilot9,1740940103672,Sitting in traveling.
pilot9,1740940761620,"Sitting in traveling, in plane."
pilot9,1740941462088,Walking.
pilot9,1740942076010,-Phone (Using)
pilot9,1740942722629,-Phone (Using)
pilot9,1740944709270,-Sitting
pilot9,1740945458326,-Phone (Using)
pilot9,1740943390523,Standings.
pilot9,1740954174938,Awesome.
pilot9,1740954837095,-Sitting
pilot9,1740955483758,-Sitting
pilot9,1740956794177,-Sitting
pilot9,1740957357318,-Sitting
pilot9,1740957996041,-Sitting
pilot9,1740958588927,Speedy Auto Glass.
pilot9,1740959246330,-Sitting
pilot9,1740960494195,-Sitting
pilot9,1740961069657,-Conversing
pilot9,1740961799179,The problems at home.
pilot9,1740962396444,The problems at home.
pilot9,1740963058479,-Sitting
pilot9,1740963699728,-Sitting
pilot9,1740964362190,-Sitting
pilot9,1740922960354,Lying down.
pilot9,1740923593566,Laying down.
pilot9,1740943390523,Standings.
pilot9,1740954174938,Awesome.
pilot9,1740954837095,-Sitting
pilot9,1740955483758,-Sitting
pilot9,1740938851895,-Walking
pilot9,1740939485238,Sitting in traveling.
pilot9,1740940103672,Sitting in traveling.
pilot9,1740940761620,"Sitting in traveling, in plane."
pilot9,1740941462088,Walking.
pilot9,1740942076010,-Phone (Using)
pilot9,1740942722629,-Phone (Using)
pilot9,1740944709270,-Sitting
pilot9,1740945458326,-Phone (Using)
pilot9,1740924243589,Laying down. Laying down.
pilot9,1740924916370,Sitting and eating.
pilot9,1740925566918,-Sitting
pilot9,1740926942320,Standing in doing chores.
pilot9,1740956794177,-Sitting
pilot9,1740957357318,-Sitting
pilot9,1740957996041,-Sitting
pilot9,1740958588927,Speedy Auto Glass.
pilot9,1740959246330,-Sitting
pilot9,1740879513141,Walking.
pilot9,1740882994539,Running.
pilot9,1740881960030,Exercising.
pilot9,1740884435333,Walking.
pilot9,1740880611986,Walking.
pilot9,1740879852737,Standing.
pilot9,1740881341067,Light jogging.
pilot9,1740878773103,Walking for travel.
pilot9,1740878043850,Standing.
pilot9,1740960494195,-Sitting
pilot9,1740961069657,-Conversing
pilot9,1740961799179,The problems at home.
pilot9,1740962396444,The problems at home.
pilot9,1740963058479,-Sitting
pilot9,1740963699728,-Sitting
pilot9,1740964362190,-Sitting
pilot10,1741615272075,-Sitting
pilot10,1741615946829,-Sitting
pilot10,1741618963428,-Sitting
pilot10,1741619679363,-Sitting
pilot10,1741620337600,-Sitting
pilot10,1741612384884,-Sitting
pilot10,1741613043300,-Sitting
pilot10,1741613676848,-Sitting
pilot10,1741615272075,-Sitting
pilot10,1741615946829,-Sitting
pilot10,1741618963428,-Sitting
pilot10,1741619679363,-Sitting
pilot10,1741620337600,-Sitting
pilot10,1741627834818,-Sitting
pilot10,1741629071863,-Sitting
pilot10,1741630346132,-Sitting
pilot10,1741630999142,-Sitting
pilot10,1741631616848,-Sitting
pilot10,1741632243997,-Walking
pilot10,1741639189165,-Sitting
pilot10,1741650665940,-Sitting
pilot10,1741651300124,-Sitting
pilot10,1741651939580,-Sitting
pilot10,1741653205640,-Sitting
pilot10,1741612384884,-Sitting
pilot10,1741613043300,-Sitting
pilot10,1741613676848,-Sitting
pilot10,1741627834818,-Sitting
pilot10,1741629071863,-Sitting
pilot10,1741618963428,-Sitting
pilot10,1741619679363,-Sitting
pilot10,1741620337600,-Sitting
pilot10,1741639189165,-Sitting
pilot10,1741615272075,-Sitting
pilot10,1741615946829,-Sitting
pilot10,1741630346132,-Sitting
pilot10,1741630999142,-Sitting
pilot10,1741631616848,-Sitting
pilot10,1741632243997,-Walking
pilot10,1741650665940,-Sitting
pilot10,1741612384884,-Sitting
pilot10,1741613043300,-Sitting
pilot10,1741613676848,-Sitting
pilot10,1741651300124,-Sitting
pilot10,1741651939580,-Sitting
pilot10,1741653205640,-Sitting
pilot11,1741035773011,-Running
pilot11,1741037711877,-Sitting
pilot11,1741018852299,Booking.
pilot11,1741019525277,Booking.
pilot11,1741020757101,Cooking.
pilot11,1741014312617,-Phone (Using)
pilot11,1741014931941,Cooking.
pilot11,1741015609056,Cooking.
pilot11,1741016252960,-Conversing
pilot11,1741016914140,"Google are there a Little India, China."
pilot11,1741017515630,"Google are there a Little India, China."
pilot11,1741012367685,-Sitting
pilot11,1741013071136,-Phone (Using)
pilot11,1741014312617,-Phone (Using)
pilot11,1741014931941,Cooking.
pilot11,1741015609056,Cooking.
pilot11,1741016252960,-Conversing
pilot11,1741016914140,"Google are there a Little India, China."
pilot11,1741017515630,"Google are there a Little India, China."
pilot11,1741018852299,Booking.
pilot11,1741019525277,Booking.
pilot11,1741020757101,Cooking.
pilot11,1741025219659,-Walking
pilot11,1741025771437,-Walking
pilot11,1741026419510,-Sitting
pilot11,1741027618663,-Running
pilot11,1741028869862,I kind of get the code.
pilot11,1741029542943,I kind of get the code.
pilot11,1741030116500,-Phone (Using)
pilot11,1741030810766,-Sitting
pilot11,1741031393187,-Conversing
pilot11,1741032043885,Shake your head. No.
pilot11,1741033274586,Dancing.
pilot11,1741035773011,-Running
pilot11,1741037711877,-Sitting
pilot11,1741041438145,Did Isaac Jack go to Philippines?
pilot11,1741042199642,Open Motorola. Gangnam Casino.
pilot11,1741042798547,I am pretty sure that Amazon music.
pilot11,1741043412591,I am pretty sure that Amazon music.
pilot11,1741045907309,-Computer (Using)
pilot11,1741046526694,Calling.
pilot11,1741047153858,Ducati will make video. Ducati was mellow Beats.
pilot11,1741047814869,Ducati will make video. Ducati was mellow Beats.
pilot11,1741048455618,-Conversing
pilot11,1741049126905,-Conversing
pilot11,1741049687626,Little Caesars delivery.
pilot11,1741050279213,Little Caesars delivery.
pilot11,1741050862158,-Conversing
pilot11,1741051525640,-Conversing
pilot11,1741052148644,Bocce ball.
pilot11,1741053414301,Mom poem.
pilot11,1741054028606,Kalam Kalam Kalam.
pilot11,1741054635314,-Conversing
pilot11,1741055192932,Diablo 2.
pilot11,1741057134859,Eaton.
pilot11,1741041438145,Did Isaac Jack go to Philippines?
pilot11,1741042199642,Open Motorola. Gangnam Casino.
pilot11,1741025219659,-Walking
pilot11,1741025771437,-Walking
pilot11,1741026419510,-Sitting
pilot11,1741027618663,-Running
pilot11,1741054028606,Kalam Kalam Kalam.
pilot11,1741054635314,-Conversing
pilot11,1741055192932,Diablo 2.
pilot11,1741057134859,Eaton.
pilot11,1741032043885,Shake your head. No.
pilot11,1741033274586,Dancing.
pilot11,1741028869862,I kind of get the code.
pilot11,1741029542943,I kind of get the code.
pilot11,1741030116500,-Phone (Using)
pilot11,1741030810766,-Sitting
pilot11,1741031393187,-Conversing
pilot11,1741012367685,-Sitting
pilot11,1741013071136,-Phone (Using)
pilot11,1741042798547,I am pretty sure that Amazon music.
pilot11,1741043412591,I am pretty sure that Amazon music.
pilot11,1741045907309,-Computer (Using)
pilot11,1741046526694,Calling.
pilot11,1741047153858,Ducati will make video. Ducati was mellow Beats.
pilot11,1741047814869,Ducati will make video. Ducati was mellow Beats.
pilot11,1741048455618,-Conversing
pilot11,1741049126905,-Conversing
pilot11,1741049687626,Little Caesars delivery.
pilot11,1741050279213,
pilot11,1741050862158,-Conversing
pilot11,1741051525640,-Conversing
pilot11,1741052148644,Bocce ball.
pilot11,1741053414301,Mom poem.
